id,name,email,password,age
4,Naruto Uzumaki,naruto@konoha.com,imgoingtobeahokage123,19
5,Naruto Uzumaki,naruto@konoha.com,imgoingtobeahokage123,19
6,Naruto Uzumaki,naruto@konoha.com,imgoingtobeahokage123,19
7,Naruto Uzumaki,naruto@konoha.com,imgoingtobeahokage123,19
8,Naruto Uzumaki,naruto@konoha.com,imgoingtobeahokage123,19
9,Naruto Uzumaki,naruto@konoha.com,imgoingtobeahokage123,19
10,Naruto Uzumaki,naruto@konoha.com,imgoingtobeahokage123,19
11,Naruto Uzumaki,naruto@konoha.com,imgoingtobeahokage123,19
12,Naruto Uzumaki,naruto@konoha.com,imgoingtobeahokage123,19
13,Naruto Uzumaki,naruto@konoha.com,imgoingtobeahokage123,19
